student_id,name,class,comprehension,attention,focus,retention,engagement_time,assessment_score,cluster,persona
S1000,Morgan Walker,7B,73.01322800949634,85.13966611787475,71.23032625970413,72.11700455845613,66.52485070994551,70.50651294418354,1,High Performer
S1001,Riley Lee,8A,55.41483079013243,42.50637350168586,62.62353194198914,72.55411758562906,50.954266399252546,56.22390610420293,2,At-risk Student
S1002,Riley Martinez,7A,63.37261686621787,84.32984371271003,70.85913616049302,56.760604427611895,40.432203549058386,64.71381939528409,0,Average Learner
S1003,Avery Lee,8A,68.53527193258384,71.33552512431768,53.79860322012074,63.89520403331571,42.88781628314815,55.08846150551843,2,At-risk Student
S1004,Avery Johnson,8A,61.539829835442944,60.586846608163675,50.83443494179062,74.07849560749348,43.03239611746268,61.38040572270188,2,At-risk Student
S1005,Casey Davis,6B,61.77510631219938,58.42731820448805,70.27358409301185,65.55621773766416,35.74503547704923,66.24428506364865,0,Average Learner
S1006,Avery Davis,7A,80.86727023039273,77.524107744425,64.15237862947463,78.19954422329506,54.76707753802826,64.07060675923245,1,High Performer
S1007,Riley Walker,7A,80.04986880702631,67.74774245826248,44.782305267348036,76.20104295238376,40.55725177926374,55.63386844137371,2,At-risk Student
S1008,Taylor Smith,7A,65.58233976773987,46.59121857561287,82.77408699918503,84.30633229249794,52.9227923180277,61.51448121003944,0,Average Learner
S1009,Quinn Smith,8A,69.15834914818822,69.3568352400477,53.61577224997867,80.62428443537314,47.61988334434046,56.69531711393685,2,At-risk Student
S1010,Jordan Lee,7B,82.37016072936461,78.7324584256962,96.30657447321475,74.04535268221112,49.37567760061228,68.27562220305104,0,Average Learner
S1011,Jamie Brown,7A,55.735211152744476,75.29437590546159,61.13581598222564,78.73182390655724,58.34084971743284,56.86990540485726,1,High Performer
S1012,Casey Lee,8B,73.38022658875141,57.477705565542145,72.41716624938599,81.04591946069691,41.871513134171785,69.47682106888479,0,Average Learner
S1013,Avery Lee,8A,89.74571196953487,48.895912351359726,86.11643911425904,67.43306442682815,59.5833656890516,68.70222506733282,1,High Performer
S1014,Avery Lee,6B,89.65034763925465,61.08832230822213,84.27377320611707,69.03602101512178,73.50961799958428,66.16821052989376,1,High Performer
S1015,Quinn Lee,7B,50.60088781396757,100.0,89.84750046849571,71.1285656634593,55.14663624427638,55.14387572801089,1,High Performer
S1016,Casey Brown,8B,62.37373035784849,46.46001261683603,51.24616137231612,67.72022510252086,38.26856472091297,41.55762999906981,2,At-risk Student
S1017,Taylor Brown,8B,71.68659387193294,54.887178842156935,55.505479527420285,81.14118250557135,40.77472982990305,59.04961357274323,2,At-risk Student
S1018,Avery Clark,6B,56.78123049366561,69.70450267679115,70.48597001503433,66.35420512490427,46.27605648822327,46.49354811133254,0,Average Learner
S1019,Casey Lee,7B,63.31753300867588,63.50569702887579,77.23722181687485,83.26486324259842,41.076645543956516,62.63874860638197,0,Average Learner
S1020,Avery Davis,8A,68.6270899632073,62.59754125122716,67.87649812282397,68.69724121007656,35.13229535584925,51.74368199578942,0,Average Learner
S1021,Casey Johnson,6A,84.01321564693625,89.29665197601209,49.98206560715272,76.25156978555422,52.31610915442538,65.75457330870458,2,At-risk Student
S1022,Riley Garcia,7B,69.54597344713163,54.76088069554428,73.46235974861278,73.49773633886599,46.682040024113014,59.16184029727827,0,Average Learner
S1023,Avery Lewis,6B,72.16936726162342,64.82863342753886,65.86323472942561,63.216181725375,52.84581325337087,59.282078134308186,2,At-risk Student
S1024,Riley Brown,8B,75.12423732371603,67.42288930163355,65.73137145148547,71.82099243458289,67.79581118322932,60.89343488299658,1,High Performer
S1025,Jamie Garcia,8A,75.43488691242436,55.34315977909405,42.94254540408387,75.00279178305537,46.45470749113461,52.26236129939372,2,At-risk Student
S1026,Jordan Martinez,7B,70.28099463348202,47.7121671343182,76.77232624926145,71.42136581600552,32.218699929795335,52.83248124126032,0,Average Learner
S1027,Peyton Brown,6A,58.02912936661697,68.23181185103046,69.59724466314005,59.915640973443445,44.01661261619673,57.938157986538776,0,Average Learner
S1028,Jordan Brown,6A,77.89672804750673,86.76399891054689,87.7468101230286,87.31286319173554,61.55637825674964,77.93735855125868,1,High Performer
S1029,Avery Martinez,7A,74.31489463263043,69.8549947414103,67.1804158881571,72.78929534575562,60.15155406075432,56.77872490072299,1,High Performer
S1030,Jamie Smith,7A,59.03247701422811,66.08087104377994,74.22974143570924,64.85127682352831,57.779594714203505,58.24231437722212,1,High Performer
S1031,Jamie Clark,6B,63.17698436079728,65.99276522960575,77.14999993715789,86.58691221120547,40.62939915256845,63.15898407344066,0,Average Learner
S1032,Avery Clark,7B,78.87511614416269,61.89898717019077,48.7922228547269,77.55650828748293,61.27853927049048,60.49764864861051,2,At-risk Student
S1033,Peyton Clark,7B,76.05483130847675,79.20178784169204,96.78369941261752,61.198470032385515,64.653486170556,70.24408165959437,1,High Performer
S1034,Morgan Clark,8B,62.797020071411865,58.93469271449764,63.26128373285122,62.59954728240109,39.56867555165036,51.46915171945149,2,At-risk Student
S1035,Quinn Lee,8B,67.3006623092431,48.71857418697725,73.44023262356733,69.99844752100942,49.376448536862135,58.17042460492301,0,Average Learner
S1036,Riley Brown,8B,68.5653777036931,46.020152892625454,75.04640207644067,74.6757628096484,80.30602945523168,63.86007789480369,1,High Performer
S1037,Jamie Davis,7A,76.1700377571513,65.94810817092868,59.03737459210673,77.6051984831753,38.90188585304919,60.318812450569666,2,At-risk Student
S1038,Riley Davis,7B,82.48940699139911,77.72830955816362,88.31678364592364,80.55160631575711,24.423699961344127,70.82804649456457,0,Average Learner
S1039,Alex Garcia,7B,70.65649158111225,67.84982301946327,70.92550796289876,76.85615165760129,70.74356651697198,69.15972534957007,1,High Performer
S1040,Taylor Martinez,6A,81.69207646952623,61.19157457675229,65.65180099401933,84.12071380776896,67.0490715755684,55.932865790929014,1,High Performer
S1041,Casey Martinez,7A,78.73316969089427,70.50129555874375,69.52358758627287,73.14113843712423,43.145490146338624,67.52354710364312,0,Average Learner
S1042,Morgan Johnson,8A,72.0565013400667,67.2345481267355,76.40677418469926,65.163245575696,48.3051232719787,62.85273011403116,0,Average Learner
S1043,Alex Davis,7A,55.565166483037615,74.91428568385119,68.1187798129067,71.96984217306924,31.62597424716572,51.389992102795254,0,Average Learner
S1044,Quinn Walker,8A,59.72289135911511,80.91804664924129,77.70122901421564,71.37917405688788,51.334284089145534,66.85692538244953,0,Average Learner
S1045,Avery Brown,6A,77.41240635045219,53.547318457124064,49.46640647135487,48.79606113303757,67.48870573057101,51.174031429679324,2,At-risk Student
S1046,Avery Davis,6B,52.894704214749694,36.92484123627922,59.77233011190861,66.94769826813908,41.86092737362583,45.903115440917354,2,At-risk Student
S1047,Jordan Smith,7B,71.18978491895986,60.7815584165546,44.473196537097536,74.82783359655406,63.15652968179439,53.95896777613245,2,At-risk Student
S1048,Peyton Clark,6A,80.00485607762104,52.767902393119144,89.9670897252724,68.18205991309392,56.95585786085648,65.62841755238861,1,High Performer
S1049,Taylor Johnson,7B,71.5242086225926,74.98349823889413,89.82391340453428,66.18411574359301,58.66725336321709,62.549908683264235,1,High Performer
S1050,Alex Brown,8B,63.986027544282734,56.30799445583481,74.89277674286284,80.20238576224108,42.735362291204474,63.5344191155445,0,Average Learner
S1051,Taylor Smith,6B,61.533856431352035,42.490656337232686,56.861201219956655,63.751087577021046,44.68063725599758,48.65676647982551,2,At-risk Student
S1052,Quinn Clark,6B,78.16152722881371,58.109582614307854,94.28866099440157,78.40460385423741,22.298413482928975,62.19684233669685,0,Average Learner
S1053,Peyton Garcia,6A,74.71707291526978,47.09630809449381,61.35144074055117,60.00529976290544,41.49995881234842,56.84263403499602,2,At-risk Student
S1054,Casey Lee,6B,67.1451069901367,84.08189262813019,65.65472160404319,96.84685742153566,67.45228187046888,67.29912509559266,1,High Performer
S1055,Alex Lewis,8A,80.6529246884595,70.65970345337682,69.75486746303794,70.05883025788869,36.0600170884659,66.78403289682211,0,Average Learner
S1056,Morgan Brown,6B,78.53997786494901,72.77069730816456,72.96667536220866,69.09061239633549,38.29547519214643,67.59009216912278,0,Average Learner
S1057,Taylor Lewis,7B,87.88593857325462,71.4323184188583,75.08182861874751,82.28759312600927,59.602847355606855,62.73576820078465,1,High Performer
S1058,Quinn Brown,7B,75.66894070787087,75.0820539113411,75.52357801221896,68.23165643274196,56.0415243798964,70.20044494744141,1,High Performer
S1059,Riley Clark,7B,68.35499565838096,78.60010430082889,66.41023506110704,85.094350274931,60.34794874694451,58.08176498390361,1,High Performer
S1060,Jamie Lee,7B,68.57009065292473,58.523055688104876,75.34911046932383,75.34434447437874,32.55169189864394,64.5349070047943,0,Average Learner
S1061,Taylor Lewis,8A,50.6542980449895,47.96046040409971,65.91871574554754,70.93441889508394,88.4608692395052,65.67584908604397,1,High Performer
S1062,Alex Davis,7A,71.5065904348328,54.83679515302804,74.37233780559443,69.97494686966662,31.763699387491243,61.71930905402248,0,Average Learner
S1063,Casey Garcia,8B,69.84285060147553,64.45700451512816,73.47020955613853,82.86832953387236,52.313709706011025,52.31363700977772,1,High Performer
S1064,Jordan Lee,6A,56.69925934485215,35.0,76.39132019877933,74.07438493143152,47.6201675619712,58.165335736408224,0,Average Learner
S1065,Peyton Davis,7B,69.74712374428871,78.71271059952599,75.01763368923062,75.89077858071693,32.200377239524286,74.20145877965638,0,Average Learner
S1066,Taylor Lewis,6B,83.43168212296779,42.23903335780493,63.13324387597573,76.86901685343265,44.44685865780125,56.195376208216906,2,At-risk Student
S1067,Avery Garcia,7B,62.65452350052473,72.1891199099497,73.04581188714914,73.19642566700422,50.34961401328805,60.86778295077533,0,Average Learner
S1068,Casey Garcia,6B,60.40105367886094,62.98315052953364,75.18739711706375,76.67885003714986,40.25040182204795,52.8071409179285,0,Average Learner
S1069,Alex Martinez,8B,81.0492821845015,68.42210389579584,53.79763172156424,70.93508919587109,64.05835432302274,63.009337785719765,1,High Performer
S1070,Riley Brown,8B,76.3424029626429,59.336963104518304,64.98551207045868,71.55172231356082,47.57561381806293,65.64258099773971,2,At-risk Student
S1071,Taylor Martinez,8B,100.0,67.60647773471678,74.68925280340167,61.92796564775962,29.8808799347257,68.08295355844027,0,Average Learner
S1072,Riley Clark,6B,56.81429839241888,59.337469710585566,86.80221744202584,74.67984225826558,28.608117009960544,73.74010127077729,0,Average Learner
S1073,Peyton Davis,7B,77.20387242038197,58.32582625037614,77.07390204741607,56.524130939590016,59.09247635917184,60.31352401191484,1,High Performer
S1074,Casey Lee,8B,73.15890907152315,54.23316402366433,87.49615785675356,74.55202263549822,27.698438259494957,52.47666543508153,0,Average Learner
S1075,Alex Lewis,8A,70.59281284053196,83.30995948700998,63.61789270805357,69.47445585451666,54.74639109573626,63.75088528515746,1,High Performer
S1076,Avery Johnson,6B,79.10512218494668,69.40291300516368,70.75209541472407,75.3712659850588,56.66982778500439,52.58568039441439,1,High Performer
S1077,Jamie Brown,6B,69.7027464231261,67.5139623515883,76.8630882947873,62.56054499326491,35.069669541139746,56.31235977094195,0,Average Learner
S1078,Jamie Smith,7B,50.636237900154,54.49325854361647,42.410131151502455,52.92578368765222,63.361071256623354,54.50530875949846,2,At-risk Student
S1079,Casey Walker,6B,61.526424718873564,62.18181999692831,84.61883539925978,68.84221223723814,24.233095643575517,59.336520527609075,0,Average Learner
S1080,Riley Martinez,6B,83.64433447320319,53.1532495079249,47.52999131059889,62.586785980286116,54.446884009978376,56.145795689415145,2,At-risk Student
S1081,Alex Lee,8B,81.720289038044,59.10603765500652,78.96634075106243,55.97498985110566,49.387130996059874,69.71105242596526,0,Average Learner
S1082,Quinn Davis,7B,66.26880810349637,50.49053132526817,75.5551496959691,78.91184942725113,48.21503036403659,57.46091046200867,0,Average Learner
S1083,Jordan Lee,8B,75.03597064144817,84.06972958643061,42.264476972336254,86.41114404427836,32.33155035529141,66.87101788104175,2,At-risk Student
S1084,Riley Smith,8B,97.83938046489837,55.91712691386085,42.82032617373703,64.82743707802905,35.94466993400111,57.18209486307427,2,At-risk Student
S1085,Riley Clark,7B,69.68813201833156,54.49905412558259,83.75730109197757,71.31806255500692,74.28203037530896,65.14835170227225,1,High Performer
S1086,Alex Lee,6A,69.88416680218006,49.09267669396894,81.36194265655203,69.2299294498817,68.2273251330763,54.663036101555086,1,High Performer
S1087,Avery Johnson,8B,71.90598705114523,55.74553446101943,58.31049991062913,66.06991420221418,61.13126882785698,54.22600149062483,2,At-risk Student
S1088,Avery Lewis,8A,76.06975709568626,59.06127886921663,58.29933215451529,77.97363492499218,64.09772155294532,53.664904043371116,1,High Performer
S1089,Jordan Davis,8A,66.51098817227249,64.40624536660162,73.63865469613843,81.09127314385756,62.69020317006903,62.6306215022225,1,High Performer
S1090,Jamie Lewis,6B,76.06129363099085,57.256133489630166,67.85981434462795,64.18253529660956,45.14965681570687,59.77650792021135,2,At-risk Student
S1091,Avery Smith,8A,50.557704062504,45.792667891668394,79.59834737434025,72.40290180385414,50.71405327721527,48.75463507391062,0,Average Learner
S1092,Alex Walker,6B,73.36398763786252,46.825101874205146,73.27539016876395,83.56079730540505,27.912374329384868,68.23825125025908,0,Average Learner
S1093,Jamie Brown,6A,70.50629810915166,73.15591602996102,85.41333873352188,78.20132582893476,48.65456559788711,67.55746184116671,0,Average Learner
S1094,Riley Lee,7B,67.82543023095975,63.526535010109825,78.670855557051,79.5392769456044,67.7512137430878,64.74224191668698,1,High Performer
S1095,Riley Lee,7B,65.24742651599524,72.7867188950426,75.92850354054636,84.31186776698172,40.08939127614297,67.13084240303589,0,Average Learner
S1096,Peyton Brown,7B,63.90626624115586,74.36330197304002,64.12662807665959,84.19360655135925,65.3471180703084,59.30228516494011,1,High Performer
S1097,Taylor Lee,8A,61.86478903039976,66.81295954583274,63.32146642421971,81.2577836727276,51.37378608040645,60.21830584566731,2,At-risk Student
S1098,Taylor Davis,6A,46.819317518121714,50.21923078988209,67.4306511682417,73.30443673303063,29.219422014954016,46.362635957264494,0,Average Learner
S1099,Alex Lee,8A,67.31981648157128,67.27501904192707,88.25037376930929,68.55765284287718,33.390207299805326,69.38823598033629,0,Average Learner
S1100,Jordan Johnson,8A,80.96329789541089,81.7951597742328,63.53097797671237,72.93129988781867,63.78954304561633,61.090544624563016,1,High Performer
S1101,Jordan Walker,6A,66.6458897592916,59.63086370890234,70.86581885781418,67.19033982578968,58.28786127887577,59.00030685345304,1,High Performer
S1102,Jordan Davis,6A,76.3511255090198,69.08738301546032,43.3071680152196,54.42761814290386,51.52646109481438,55.872354119083354,2,At-risk Student
S1103,Peyton Lee,6A,59.197991299595145,64.8346645367937,75.43389603048489,69.48450840779964,45.889522786280814,60.147562713437175,0,Average Learner
S1104,Casey Johnson,6A,56.9430244595891,81.46853355856696,92.82918109202453,75.21773619453498,53.15851966442878,63.33587692727291,0,Average Learner
S1105,Taylor Brown,7B,62.49238156932327,56.86656688407939,57.72998079810783,66.7145752401044,63.20444373879874,50.51915438806174,2,At-risk Student
S1106,Peyton Martinez,7A,59.74500130279844,78.84238246409441,100.0,70.26498191485253,72.13779920730927,65.93987757960842,1,High Performer
S1107,Casey Smith,7A,58.169603886649476,60.499872459562226,70.00464665122318,70.61366955629941,72.85526299160907,61.53583066756618,1,High Performer
S1108,Jamie Lee,6A,74.49774038488734,56.67024855791007,40.0,84.21171096796999,55.57939851137747,55.720371567069755,2,At-risk Student
S1109,Jordan Johnson,7A,87.78924343885961,66.31832087651898,63.75907936035298,68.76506453377588,47.42102464453219,66.42997172671899,2,At-risk Student
S1110,Riley Davis,7A,63.33056625043487,69.10948301609017,82.63482419595991,84.20970043965109,52.19372011728284,67.04372270534654,0,Average Learner
S1111,Avery Martinez,6A,53.081817437496966,87.93835527811314,89.99248926874785,47.58758557336824,57.831805358826195,50.2285511942124,1,High Performer
S1112,Taylor Lee,7A,76.5679733116398,68.83445094642458,75.89908403076852,84.13070203196133,57.77100415767637,67.94977688970611,1,High Performer
S1113,Morgan Garcia,8A,55.64099180625968,67.31933674219263,85.24353862966865,83.67665503376362,69.61979955710157,76.02964497261836,1,High Performer
S1114,Riley Johnson,6B,58.16734378545581,84.15371532681961,55.044359043584116,80.12029206050272,81.73633582874982,69.85806191583815,1,High Performer
S1115,Avery Walker,6B,74.94995654191695,72.21264733053845,60.517122540867014,53.892737971166056,46.9211805557887,59.53782110742643,2,At-risk Student
S1116,Quinn Brown,6A,68.34690385446437,57.268697837984625,49.5259478979803,81.16998295700233,82.33827363236693,53.94271163832255,1,High Performer
S1117,Taylor Garcia,7B,63.1282482466749,81.27164462369831,61.34430616408906,71.54892741892274,67.5835887013759,64.43633915799786,1,High Performer
S1118,Avery Clark,6A,70.68351251103829,56.12457476684777,76.38110885079233,49.23596304067806,48.48765514722188,59.461498037391976,0,Average Learner
S1119,Avery Martinez,7B,65.90591169428443,57.209032659995486,70.33921338621322,83.68359937051227,72.4784725829762,61.05111152283622,1,High Performer
S1120,Casey Walker,6B,88.89547656126584,54.81775160734504,77.54633940329501,84.99755770694071,75.28472452128747,70.44156617900676,1,High Performer
S1121,Riley Martinez,6A,63.24195265778603,53.76505966066453,57.698345807535894,54.859391353213454,43.095568337092296,57.93847024762087,2,At-risk Student
S1122,Casey Walker,8B,60.86587462677585,68.99807953807789,58.36922470506947,73.57878967770102,75.98322878728472,55.420086188526184,1,High Performer
S1123,Taylor Garcia,8A,65.44966826012434,61.90517402547748,70.25071230477404,84.49732009299764,66.12624231553946,57.360748106775546,1,High Performer
S1124,Alex Lee,7A,65.87238386809894,35.0,61.37087414164153,83.07145182111432,85.52838691968788,60.735295929050494,1,High Performer
S1125,Peyton Martinez,7B,75.95643651804322,61.78084325660585,82.32034084976105,79.52454946043571,43.63942127000752,66.49672706611247,0,Average Learner
S1126,Morgan Johnson,8B,50.08462213468586,58.78505293033239,61.09839227184775,48.174724080922424,44.698598843960056,53.28080760609302,2,At-risk Student
S1127,Taylor Lewis,7A,74.26025866834001,75.71390437158627,62.550718327756286,78.56588489972232,19.6000680538499,62.941016593757176,0,Average Learner
S1128,Jordan Brown,7A,64.58714558360033,58.24089666247564,72.60723355255335,70.03706491463451,58.567908808519434,56.003485321013066,1,High Performer
S1129,Riley Lee,6A,77.76823004425603,95.4710934945307,63.71782989099758,80.96271775846645,55.62876883428078,71.24392462412105,1,High Performer
S1130,Taylor Martinez,7A,69.52356288842955,81.76152294524292,54.415611671088456,74.30545312590442,41.555094926965,54.35046909759921,2,At-risk Student
S1131,Quinn Lee,8A,75.1869445771778,60.321075307882666,55.907085926847024,71.82106550740022,48.77223902767913,56.34018218936003,2,At-risk Student
S1132,Jamie Walker,8B,66.08598187918169,78.795476945997,73.91542554247651,77.76813464468313,30.33168484737327,64.62652538672698,0,Average Learner
S1133,Quinn Martinez,7A,74.38022597421676,71.30254055229138,53.05417333981734,70.45277966035418,67.9766742924753,58.91158917724127,1,High Performer
S1134,Casey Lewis,6A,86.63769789448251,67.80158955776291,83.36880870303692,71.78150448097253,42.65450788207535,78.82075569487785,0,Average Learner
S1135,Morgan Johnson,8A,62.607635685448926,74.63182706728915,60.40560787268075,67.00298400784115,90.0,52.38078271608582,1,High Performer
S1136,Taylor Lewis,6B,68.92805524838874,65.64885049112584,74.77837398664867,57.55131907933894,47.36598048933451,55.608000748420835,0,Average Learner
S1137,Morgan Martinez,8B,65.13782714246877,67.88421387292973,61.06546113567403,77.11068126394144,38.60571738427535,53.17185216965132,2,At-risk Student
S1138,Alex Walker,7A,85.92981794259464,74.88023019534758,57.93234482003999,64.74572712296487,43.81530321897707,58.00109211718995,2,At-risk Student
S1139,Taylor Lee,6A,65.66058400989948,89.62943290094589,70.707140505192,70.19287320563339,28.82058535183623,58.814427758198704,0,Average Learner
S1140,Riley Davis,6B,62.67307798696156,68.01433966663609,79.5696181371749,74.5827656260854,57.23407836054413,55.821070932348555,1,High Performer
S1141,Avery Clark,6B,64.21723086035863,59.55444002033413,65.27895474053885,53.23304120791105,43.70150450331317,56.81007835207194,2,At-risk Student
S1142,Quinn Walker,7B,68.64282617681768,40.64922973887214,67.27974910866794,55.24785986690859,66.96879185596606,50.593235003112554,1,High Performer
S1143,Peyton Clark,8A,62.06494982327389,88.53564166356365,76.88159097191081,69.30235281051718,45.878787572383736,64.6179044292899,0,Average Learner
S1144,Avery Lee,7A,66.31550010913303,61.84109944913648,77.24579975276711,76.0910713406969,70.7666316752847,61.00571706369267,1,High Performer
S1145,Jordan Brown,6A,71.57201855097078,71.4177114809752,67.57659107978284,78.69634443584245,61.36183623975562,60.391828154361335,1,High Performer
S1146,Morgan Lee,7B,68.84526590076267,87.87088684312393,63.12172118266182,57.67816953711684,50.42895165077516,69.13084196551773,2,At-risk Student
S1147,Jamie Garcia,8A,78.31708576975848,67.7312278511659,68.90921555389535,77.72968335971534,73.70348881026231,70.53420034718116,1,High Performer
S1148,Jamie Martinez,7B,66.80644922185222,62.66395685747025,65.89997359472822,69.79437343515298,64.28440191555813,50.06063032935481,1,High Performer
S1149,Riley Garcia,8B,67.95383494522412,82.03607573052494,71.44271566998538,64.05158479413171,90.0,56.304199989315634,1,High Performer
S1150,Alex Davis,8A,72.71061748742264,70.52884481076703,54.86302530469672,66.16303329546567,43.858171325326936,62.58291717422468,2,At-risk Student
S1151,Peyton Lewis,8A,92.44806606010563,72.0332672566808,71.04899737294622,79.2167159883615,51.14924158187691,65.72969353749764,1,High Performer
S1152,Morgan Lewis,7A,62.12398089641128,46.72206955433887,60.09866242212176,74.46605206577014,73.53063516516394,47.54296341118651,1,High Performer
S1153,Alex Garcia,8A,89.23624412145278,79.47098248691103,77.96476372639553,72.45275870479789,26.846932822473313,72.07398846119358,0,Average Learner
S1154,Casey Garcia,7B,58.164268320554626,69.50705681589974,60.60285365692433,74.1914616492711,69.75415344848844,59.99361981729992,1,High Performer
S1155,Alex Brown,8A,72.28970432230437,48.540927443322516,60.793792560899746,80.35287998954574,56.58954136522206,59.151006910553455,2,At-risk Student
S1156,Taylor Clark,7A,66.60613706821803,70.8211293393593,72.89938706852915,71.12610389337009,36.67683866829128,63.915532364250936,0,Average Learner
S1157,Avery Lewis,7A,61.84729063478076,40.24969191305901,68.15633077697817,72.48886997808813,29.554405121733176,44.741159794476424,0,Average Learner
S1158,Jordan Lee,8B,76.9909238185999,93.10370243015595,93.04316789038721,82.24353666124026,39.91265790304574,64.8049755866076,0,Average Learner
S1159,Riley Johnson,7B,75.99896633711006,51.77774240021887,50.07767128390323,69.01572038163157,15.727706415116423,58.991227115709975,2,At-risk Student
S1160,Riley Martinez,6B,65.18751866176494,84.34151318862124,69.20838241650219,77.56326535752613,42.656908344627446,56.09247802171897,0,Average Learner
S1161,Alex Brown,6B,49.062059959649375,55.24453342257616,80.42614433469608,67.46665967394173,59.33834500013872,49.894432998522866,1,High Performer
S1162,Morgan Martinez,8A,65.79952535372485,71.72270853164864,61.63854684779969,68.25719392729394,42.85549038546758,52.607813701439966,2,At-risk Student
S1163,Jamie Smith,8B,71.39204110956817,54.05446092068601,57.98386370786132,71.06355218880327,70.82469052150712,68.38755203440238,1,High Performer
S1164,Jamie Johnson,6A,70.01813611194676,76.96538266277383,58.420488875890385,76.63745567688089,74.89921404087931,66.23274418034524,1,High Performer
S1165,Jordan Lewis,8A,77.55935281791652,62.176175097112974,50.26842702384907,82.74763766295962,69.13466723938662,66.18705941958234,1,High Performer
S1166,Jordan Davis,8B,89.33542629429991,70.61335455449252,82.84675090041765,72.86890737184898,53.45961365396548,69.78901729595101,1,High Performer
S1167,Alex Lee,7B,74.13874837250808,65.18077257894794,64.37420924012952,58.5014677980881,15.129810912702965,51.25533024468725,0,Average Learner
S1168,Casey Smith,7B,75.67768367757625,48.61202256219613,63.07170146219747,77.68301664180544,39.44453761951091,60.0696883877224,2,At-risk Student
S1169,Quinn Lewis,7B,71.4818173137915,71.04928231628641,44.63492118236809,94.08457956731138,47.8694220983842,52.80192718673548,2,At-risk Student
S1170,Taylor Clark,7B,81.72435782392242,58.961150172011024,52.229205702919266,72.97801947960616,36.59198525742784,51.536254667838406,2,At-risk Student
S1171,Jamie Lee,7B,75.3140001096033,77.54375351609133,84.11928731071004,56.62109124738379,47.90741786770143,67.54910229707963,0,Average Learner
S1172,Quinn Brown,8B,77.49105676964324,62.16968230219187,71.33416232710637,73.52687600523767,74.1510120304007,57.61246414503012,1,High Performer
S1173,Casey Lewis,8B,88.08956829020163,64.07883309166002,80.83150912917617,71.97288657134544,25.313352057270226,62.90282091077144,0,Average Learner
S1174,Taylor Martinez,7A,72.26984301219349,85.19511757247524,79.43991683812813,71.21602040973849,77.1753808417854,68.64523238095765,1,High Performer
S1175,Alex Martinez,6B,67.29037737832262,93.5796415340954,56.99317691369765,80.5086890997942,63.270896326312055,63.09379036669794,1,High Performer
S1176,Peyton Martinez,7B,74.46289348001918,74.432407468545,94.72832501519366,84.40447307702152,54.02325212416543,61.053521054388085,0,Average Learner
S1177,Quinn Johnson,6A,81.36242317119263,61.55431883091938,89.44705855161352,78.15227170680974,39.295751663888545,62.9523481918401,0,Average Learner
S1178,Jordan Garcia,8B,75.01426757026081,60.504064059726275,61.79856913664661,70.80247723796039,36.890744817628615,53.27234400466526,2,At-risk Student
S1179,Taylor Lee,6A,80.60638578821411,55.17587617617704,40.0,82.13110905932666,25.606734281168904,54.920052483876695,2,At-risk Student
S1180,Taylor Brown,6A,63.31025172683315,57.49714179735732,64.07814701061515,58.555533229071834,75.7514822047158,56.91091003669964,1,High Performer
S1181,Riley Clark,6A,61.319157745955124,61.71668307795238,70.62125888333594,65.55549491339404,73.06417340111062,60.954016820574154,1,High Performer
S1182,Morgan Johnson,7A,64.54962384652909,88.5710356039388,61.7550906174674,66.55834999258444,28.905730571250768,55.75728718143593,0,Average Learner
S1183,Casey Davis,8B,57.32617698487665,62.63333994975771,65.56325693646811,71.72144416861259,41.71058007640698,57.94588602423845,0,Average Learner
S1184,Quinn Lee,6A,71.10299578633422,50.28736394962277,58.884761600284264,76.56061196238154,56.497171538478625,49.12767782618305,2,At-risk Student
S1185,Morgan Lewis,7B,65.69974614150084,65.49998320550459,78.13798190189232,70.19358346496445,45.50736292741688,51.25759482578309,0,Average Learner
S1186,Quinn Lee,8A,82.30211353644378,67.13754110913277,68.6999656440541,63.84567784947953,21.219878644522733,47.21031258518046,0,Average Learner
S1187,Taylor Brown,6A,57.087756378025304,65.42762551820547,78.46665469237249,80.77365256226517,40.133408591664676,57.39427456779537,0,Average Learner
S1188,Morgan Smith,7A,85.54922676636602,74.59629467102249,81.4442368082873,69.88088950015775,79.26551447030027,66.7675566198281,1,High Performer
S1189,Morgan Lee,8B,60.18799664762451,65.8280661363084,44.082440795046885,72.9191602878393,41.15032114378334,56.41051967421085,2,At-risk Student
S1190,Jamie Walker,7A,57.6176914885165,74.22472990576794,59.524255680824865,76.95960970928317,47.547989949466896,54.7899050521655,2,At-risk Student
S1191,Morgan Garcia,6A,61.753486723489274,55.63587975130742,61.13567776995402,72.34989847130652,32.822338639469294,54.61217591192337,2,At-risk Student
S1192,Casey Walker,8B,89.51280085735755,86.36875325774267,96.28509595657661,72.38944525269861,58.81644477925622,79.20181353780927,1,High Performer
S1193,Peyton Garcia,8A,69.59914862626997,68.02975746012302,69.63905903590357,81.27426078392247,51.72727698536875,59.21607525838205,1,High Performer
S1194,Morgan Walker,6A,75.29435511653803,69.80262764488445,76.9381665599937,73.36232527113339,38.86970387664532,64.49536695361842,0,Average Learner
S1195,Casey Garcia,7A,68.1610826227198,55.58585727424037,47.31239053798038,79.7651728721144,30.430169062888627,57.98547350748793,2,At-risk Student
S1196,Casey Garcia,6B,69.09921366819793,70.66192389519675,69.57536997747273,76.9020069988655,71.06815061016314,58.00764822832171,1,High Performer
S1197,Peyton Davis,7B,64.94119946765706,72.81278068004364,78.76122280327883,90.15198789768225,25.916848900383794,63.545168982393456,0,Average Learner
S1198,Avery Lewis,7A,70.50743958855266,50.962778794098924,77.48161593566172,75.68472076082217,57.557235433843324,57.16931701976947,1,High Performer
S1199,Jordan Martinez,8B,74.94599891881714,45.09090093934812,74.85739382807986,77.74175943135695,17.691811329326406,50.36802713373657,0,Average Learner
